ts,username,ok,stage,latency_ms,noop_count,status_count,error
1769292018.574,user515,0,connect,142.103,0,0,socket error: EOF
1769292018.574,user518,0,connect,141.230,0,0,socket error: EOF
1769292018.574,user519,0,connect,140.842,0,0,socket error: EOF
1769292018.574,user526,0,connect,139.139,0,0,socket error: EOF
1769292018.574,user533,0,connect,134.706,0,0,socket error: EOF
1769292018.574,user536,0,connect,133.750,0,0,socket error: EOF
1769292018.574,user538,0,connect,133.573,0,0,socket error: EOF
1769292018.574,user539,0,connect,133.269,0,0,socket error: EOF
1769292018.574,user540,0,connect,133.007,0,0,socket error: EOF
1769292018.574,user542,0,connect,132.427,0,0,socket error: EOF
1769292018.574,user546,0,connect,131.793,0,0,socket error: EOF
1769292018.574,user547,0,connect,131.257,0,0,socket error: EOF
1769292018.574,user552,0,connect,130.720,0,0,socket error: EOF
1769292018.574,user548,0,connect,131.253,0,0,socket error: EOF
1769292018.574,user549,0,connect,130.913,0,0,socket error: EOF
1769292018.574,user556,0,connect,129.033,0,0,socket error: EOF
1769292018.574,user561,0,connect,128.512,0,0,socket error: EOF
1769292018.574,user562,0,connect,127.957,0,0,socket error: EOF
1769292018.574,user560,0,connect,128.531,0,0,socket error: EOF
1769292018.574,user558,0,connect,128.754,0,0,socket error: EOF
1769292018.574,user567,0,connect,126.361,0,0,socket error: EOF
1769292018.574,user570,0,connect,125.701,0,0,socket error: EOF
1769292018.574,user572,0,connect,125.683,0,0,socket error: EOF
1769292018.574,user573,0,connect,125.209,0,0,socket error: EOF
1769292018.574,user575,0,connect,124.438,0,0,socket error: EOF
1769292018.574,user576,0,connect,124.428,0,0,socket error: EOF
1769292018.574,user579,0,connect,123.604,0,0,socket error: EOF
1769292018.574,user585,0,connect,121.165,0,0,socket error: EOF
1769292018.574,user586,0,connect,121.160,0,0,socket error: EOF
1769292018.574,user591,0,connect,118.076,0,0,socket error: EOF
1769292018.574,user592,0,connect,118.071,0,0,socket error: EOF
1769292018.574,user596,0,connect,116.816,0,0,socket error: EOF
1769292018.574,user594,0,connect,117.548,0,0,socket error: EOF
1769292018.574,user601,0,connect,115.845,0,0,socket error: EOF
1769292018.574,user598,0,connect,116.581,0,0,socket error: EOF
1769292018.574,user605,0,connect,114.821,0,0,socket error: EOF
1769292018.574,user602,0,connect,115.290,0,0,socket error: EOF
1769292018.574,user604,0,connect,114.839,0,0,socket error: EOF
1769292018.574,user609,0,connect,114.209,0,0,socket error: EOF
1769292018.574,user610,0,connect,113.596,0,0,socket error: EOF
1769292018.574,user614,0,connect,112.887,0,0,socket error: EOF
1769292018.574,user612,0,connect,113.160,0,0,socket error: EOF
1769292018.574,user613,0,connect,113.152,0,0,socket error: EOF
1769292018.574,user616,0,connect,112.876,0,0,socket error: EOF
1769292018.574,user621,0,connect,111.070,0,0,socket error: EOF
1769292018.574,user624,0,connect,110.535,0,0,socket error: EOF
1769292018.574,user622,0,connect,110.726,0,0,socket error: EOF
1769292018.574,user625,0,connect,110.223,0,0,socket error: EOF
1769292018.574,user628,0,connect,109.103,0,0,socket error: EOF
1769292018.574,user631,0,connect,108.465,0,0,socket error: EOF
1769292018.574,user635,0,connect,107.807,0,0,socket error: EOF
1769292018.574,user642,0,connect,104.045,0,0,socket error: EOF
1769292018.574,user632,0,connect,107.850,0,0,socket error: EOF
1769292018.574,user643,0,connect,103.630,0,0,socket error: EOF
1769292018.574,user646,0,connect,102.653,0,0,socket error: EOF
1769292018.574,user647,0,connect,102.644,0,0,socket error: EOF
1769292018.574,user649,0,connect,102.357,0,0,socket error: EOF
1769292018.574,user651,0,connect,101.769,0,0,socket error: EOF
1769292018.574,user653,0,connect,101.089,0,0,socket error: EOF
1769292018.574,user656,0,connect,100.626,0,0,socket error: EOF
1769292018.574,user660,0,connect,99.490,0,0,socket error: EOF
1769292018.574,user658,0,connect,100.143,0,0,socket error: EOF
1769292018.574,user664,0,connect,98.665,0,0,socket error: EOF
1769292018.574,user665,0,connect,98.249,0,0,socket error: EOF
1769292018.574,user670,0,connect,96.981,0,0,socket error: EOF
1769292018.574,user666,0,connect,98.032,0,0,socket error: EOF
1769292018.574,user669,0,connect,97.557,0,0,socket error: EOF
1769292018.574,user673,0,connect,96.392,0,0,socket error: EOF
1769292018.574,user675,0,connect,95.630,0,0,socket error: EOF
1769292018.574,user678,0,connect,95.153,0,0,socket error: EOF
1769292018.574,user677,0,connect,95.620,0,0,socket error: EOF
1769292018.574,user680,0,connect,94.383,0,0,socket error: EOF
1769292018.574,user687,0,connect,93.109,0,0,socket error: EOF
1769292018.574,user686,0,connect,93.471,0,0,socket error: EOF
1769292018.574,user688,0,connect,93.109,0,0,socket error: EOF
1769292018.574,user690,0,connect,92.605,0,0,socket error: EOF
1769292018.574,user689,0,connect,92.964,0,0,socket error: EOF
1769292018.574,user695,0,connect,90.726,0,0,socket error: EOF
1769292018.574,user696,0,connect,90.721,0,0,socket error: EOF
1769292018.574,user698,0,connect,90.709,0,0,socket error: EOF
1769292018.574,user700,0,connect,88.241,0,0,socket error: EOF
1769292018.574,user704,0,connect,86.949,0,0,socket error: EOF
1769292018.574,user705,0,connect,86.713,0,0,socket error: EOF
1769292018.574,user711,0,connect,85.236,0,0,socket error: EOF
1769292018.574,user712,0,connect,85.223,0,0,socket error: EOF
1769292018.574,user713,0,connect,84.993,0,0,socket error: EOF
1769292018.574,user714,0,connect,84.527,0,0,socket error: EOF
1769292018.574,user708,0,connect,85.593,0,0,socket error: EOF
1769292018.574,user718,0,connect,83.256,0,0,socket error: EOF
1769292018.574,user717,0,connect,83.274,0,0,socket error: EOF
1769292018.574,user720,0,connect,83.242,0,0,socket error: EOF
1769292018.574,user727,0,connect,81.066,0,0,socket error: EOF
1769292018.574,user725,0,connect,82.019,0,0,socket error: EOF
1769292018.574,user726,0,connect,81.088,0,0,socket error: EOF
1769292018.574,user732,0,connect,79.909,0,0,socket error: EOF
1769292018.574,user729,0,connect,80.697,0,0,socket error: EOF
1769292018.574,user735,0,connect,79.250,0,0,socket error: EOF
1769292018.574,user738,0,connect,78.472,0,0,socket error: EOF
1769292018.574,user737,0,connect,78.487,0,0,socket error: EOF
1769292018.574,user736,0,connect,78.831,0,0,socket error: EOF
1769292018.574,user747,0,connect,76.741,0,0,socket error: EOF
1769292018.574,user745,0,connect,76.768,0,0,socket error: EOF
1769292018.574,user743,0,connect,77.637,0,0,socket error: EOF
1769292018.574,user748,0,connect,76.400,0,0,socket error: EOF
1769292018.574,user749,0,connect,76.390,0,0,socket error: EOF
1769292018.574,user757,0,connect,72.382,0,0,socket error: EOF
1769292018.574,user759,0,connect,71.736,0,0,socket error: EOF
1769292018.574,user763,0,connect,69.959,0,0,socket error: EOF
1769292018.574,user764,0,connect,69.946,0,0,socket error: EOF
1769292018.574,user767,0,connect,69.295,0,0,socket error: EOF
1769292018.574,user769,0,connect,68.712,0,0,socket error: EOF
1769292018.574,user771,0,connect,68.170,0,0,socket error: EOF
1769292018.574,user777,0,connect,67.076,0,0,socket error: EOF
1769292018.574,user773,0,connect,67.894,0,0,socket error: EOF
1769292018.574,user776,0,connect,67.093,0,0,socket error: EOF
1769292018.574,user779,0,connect,66.148,0,0,socket error: EOF
1769292018.574,user780,0,connect,66.138,0,0,socket error: EOF
1769292018.574,user782,0,connect,65.873,0,0,socket error: EOF
1769292018.574,user784,0,connect,65.432,0,0,socket error: EOF
1769292018.574,user785,0,connect,64.897,0,0,socket error: EOF
1769292018.574,user787,0,connect,64.880,0,0,socket error: EOF
1769292018.574,user789,0,connect,64.158,0,0,socket error: EOF
1769292018.574,user791,0,connect,63.708,0,0,socket error: EOF
1769292018.574,user796,0,connect,62.168,0,0,socket error: EOF
1769292018.574,user792,0,connect,63.071,0,0,socket error: EOF
1769292018.574,user799,0,connect,61.680,0,0,socket error: EOF
1769292018.574,user798,0,connect,61.692,0,0,socket error: EOF
1769292018.574,user801,0,connect,61.329,0,0,socket error: EOF
1769292018.574,user808,0,connect,58.915,0,0,socket error: EOF
1769292018.574,user812,0,connect,56.641,0,0,socket error: EOF
1769292018.574,user813,0,connect,55.778,0,0,socket error: EOF
1769292018.574,user815,0,connect,55.450,0,0,socket error: EOF
1769292018.574,user819,0,connect,54.543,0,0,socket error: EOF
1769292018.574,user821,0,connect,54.026,0,0,socket error: EOF
1769292018.574,user824,0,connect,53.591,0,0,socket error: EOF
1769292018.574,user823,0,connect,53.857,0,0,socket error: EOF
1769292018.574,user820,0,connect,54.047,0,0,socket error: EOF
1769292018.574,user827,0,connect,52.411,0,0,socket error: EOF
1769292018.574,user829,0,connect,51.967,0,0,socket error: EOF
1769292018.574,user831,0,connect,51.602,0,0,socket error: EOF
1769292018.574,user828,0,connect,51.986,0,0,socket error: EOF
1769292018.574,user837,0,connect,50.265,0,0,socket error: EOF
1769292018.574,user838,0,connect,50.259,0,0,socket error: EOF
1769292018.574,user842,0,connect,49.452,0,0,socket error: EOF
1769292018.574,user839,0,connect,50.010,0,0,socket error: EOF
1769292018.574,user841,0,connect,49.468,0,0,socket error: EOF
1769292018.574,user845,0,connect,48.653,0,0,socket error: EOF
1769292018.574,user848,0,connect,47.303,0,0,socket error: EOF
1769292018.574,user850,0,connect,47.278,0,0,socket error: EOF
1769292018.574,user851,0,connect,47.272,0,0,socket error: EOF
1769292018.574,user855,0,connect,45.931,0,0,socket error: EOF
1769292018.574,user852,0,connect,46.971,0,0,socket error: EOF
1769292018.574,user853,0,connect,46.598,0,0,socket error: EOF
1769292018.574,user856,0,connect,45.669,0,0,socket error: EOF
1769292018.574,user862,0,connect,44.364,0,0,socket error: EOF
1769292018.574,user861,0,connect,44.380,0,0,socket error: EOF
1769292018.574,user871,0,connect,40.507,0,0,socket error: EOF
1769292018.574,user872,0,connect,40.277,0,0,socket error: EOF
1769292018.574,user873,0,connect,39.798,0,0,socket error: EOF
1769292018.575,user876,0,connect,38.811,0,0,socket error: EOF
1769292018.575,user875,0,connect,38.828,0,0,socket error: EOF
1769292018.575,user877,0,connect,38.808,0,0,socket error: EOF
1769292018.575,user878,0,connect,38.465,0,0,socket error: EOF
1769292018.575,user882,0,connect,37.129,0,0,socket error: EOF
1769292018.575,user888,0,connect,36.259,0,0,socket error: EOF
1769292018.575,user887,0,connect,36.630,0,0,socket error: EOF
1769292018.575,user883,0,connect,36.675,0,0,socket error: EOF
1769292018.575,user886,0,connect,36.646,0,0,socket error: EOF
1769292018.575,user892,0,connect,35.067,0,0,socket error: EOF
1769292018.575,user895,0,connect,34.605,0,0,socket error: EOF
1769292018.575,user893,0,connect,34.633,0,0,socket error: EOF
1769292018.575,user899,0,connect,32.958,0,0,socket error: EOF
1769292018.575,user900,0,connect,32.946,0,0,socket error: EOF
1769292018.575,user902,0,connect,32.466,0,0,socket error: EOF
1769292018.575,user905,0,connect,31.283,0,0,socket error: EOF
1769292018.575,user909,0,connect,31.055,0,0,socket error: EOF
1769292018.575,user904,0,connect,31.702,0,0,socket error: EOF
1769292018.575,user911,0,connect,30.361,0,0,socket error: EOF
1769292018.575,user913,0,connect,29.465,0,0,socket error: EOF
1769292018.575,user914,0,connect,29.450,0,0,socket error: EOF
1769292018.575,user921,0,connect,28.020,0,0,socket error: EOF
1769292018.575,user928,0,connect,23.832,0,0,socket error: EOF
1769292018.575,user927,0,connect,23.847,0,0,socket error: EOF
1769292018.575,user931,0,connect,22.671,0,0,socket error: EOF
1769292018.575,user935,0,connect,21.527,0,0,socket error: EOF
1769292018.575,user932,0,connect,22.181,0,0,socket error: EOF
1769292018.575,user936,0,connect,20.955,0,0,socket error: EOF
1769292018.575,user938,0,connect,20.584,0,0,socket error: EOF
1769292018.575,user943,0,connect,19.022,0,0,socket error: EOF
1769292018.575,user945,0,connect,19.003,0,0,socket error: EOF
1769292018.575,user944,0,connect,19.016,0,0,socket error: EOF
1769292018.575,user948,0,connect,18.075,0,0,socket error: EOF
1769292018.575,user949,0,connect,17.536,0,0,socket error: EOF
1769292018.575,user953,0,connect,17.118,0,0,socket error: EOF
1769292018.575,user951,0,connect,17.146,0,0,socket error: EOF
1769292018.575,user955,0,connect,16.440,0,0,socket error: EOF
1769292018.575,user960,0,connect,14.988,0,0,socket error: EOF
1769292018.575,user958,0,connect,15.419,0,0,socket error: EOF
1769292018.575,user962,0,connect,14.976,0,0,socket error: EOF
1769292018.575,user967,0,connect,12.706,0,0,socket error: EOF
1769292018.575,user971,0,connect,12.251,0,0,socket error: EOF
1769292018.575,user978,0,connect,7.923,0,0,socket error: EOF
1769292018.575,user976,0,connect,8.302,0,0,socket error: EOF
1769292018.575,user980,0,connect,7.121,0,0,socket error: EOF
1769292018.575,user983,0,connect,6.524,0,0,socket error: EOF
1769292018.575,user982,0,connect,6.540,0,0,socket error: EOF
1769292018.575,user988,0,connect,4.909,0,0,socket error: EOF
1769292018.575,user989,0,connect,4.897,0,0,socket error: EOF
1769292018.575,user990,0,connect,4.541,0,0,socket error: EOF
1769292018.576,user995,0,connect,4.778,0,0,socket error: EOF
1769292018.576,user996,0,connect,4.770,0,0,socket error: EOF
1769292618.319,user023,1,done,600055.611,19,9,
1769292618.319,user003,1,done,600062.310,19,9,
1769292618.319,user007,1,done,600061.253,19,9,
1769292618.319,user014,1,done,600057.658,19,9,
1769292618.320,user006,1,done,600062.450,19,9,
1769292618.320,user040,1,done,600052.387,19,9,
1769292618.320,user024,1,done,600056.310,19,9,
1769292618.320,user011,1,done,600060.306,19,9,
1769292618.320,user010,1,done,600060.856,19,9,
1769292618.321,user020,1,done,600058.271,19,9,
1769292618.321,user013,1,done,600059.824,19,9,
1769292618.321,user030,1,done,600056.089,19,9,
1769292618.321,user031,1,done,600055.884,19,9,
1769292618.321,user033,1,done,600055.279,19,9,
1769292618.321,user028,1,done,600056.552,19,9,
1769292618.321,user009,1,done,600062.266,19,9,
1769292618.321,user034,1,done,600055.137,19,9,
1769292618.321,user029,1,done,600056.480,19,9,
1769292618.322,user019,1,done,600058.681,19,9,
1769292618.322,user038,1,done,600054.056,19,9,
1769292618.322,user016,1,done,600059.224,19,9,
1769292618.322,user032,1,done,600055.604,19,9,
1769292618.322,user018,1,done,600059.357,19,9,
1769292618.322,user001,1,done,600065.716,19,9,
1769292618.322,user045,1,done,600052.950,19,9,
1769292618.322,user039,1,done,600054.521,19,9,
1769292618.322,user035,1,done,600055.385,19,9,
1769292618.322,user037,1,done,600054.897,19,9,
1769292618.322,user008,1,done,600063.296,19,9,
1769292618.323,user012,1,done,600061.261,19,9,
1769292618.323,user017,1,done,600060.193,19,9,
1769292618.323,user002,1,done,600065.871,19,9,
1769292618.323,user021,1,done,600059.391,19,9,
1769292618.323,user027,1,done,600057.915,19,9,
1769292618.323,user022,1,done,600059.149,19,9,
1769292618.323,user005,1,done,600065.118,19,9,
1769292618.323,user036,1,done,600055.799,19,9,
1769292618.323,user043,1,done,600054.319,19,9,
1769292618.323,user041,1,done,600054.900,19,9,
1769292618.323,user026,1,done,600058.902,19,9,
1769292618.323,user004,1,done,600066.050,19,9,
1769292618.323,user042,1,done,600055.102,19,9,
1769292618.323,user025,1,done,600059.280,19,9,
1769292618.323,user015,1,done,600061.512,19,9,
1769292618.325,user062,1,done,600051.868,19,9,
1769292618.325,user044,1,done,600056.064,19,9,
1769292618.326,user049,1,done,600055.866,19,9,
1769292618.327,user054,1,done,600056.084,19,9,
1769292618.327,user076,1,done,600050.864,19,9,
1769292618.327,user057,1,done,600055.209,19,9,
1769292618.327,user060,1,done,600054.716,19,9,
1769292618.327,user066,1,done,600053.297,19,9,
1769292618.327,user063,1,done,600053.975,19,9,
1769292618.329,user065,1,done,600055.722,19,9,
1769292618.329,user046,1,done,600059.895,19,9,
1769292618.329,user053,1,done,600058.417,19,9,
1769292618.330,user072,1,done,600054.385,19,9,
1769292618.330,user069,1,done,600055.085,19,9,
1769292618.330,user058,1,done,600057.567,19,9,
1769292618.330,user075,1,done,600053.565,19,9,
1769292618.330,user059,1,done,600057.887,19,9,
1769292618.330,user067,1,done,600055.977,19,9,
1769292618.330,user061,1,done,600057.539,19,9,
1769292618.330,user048,1,done,600060.506,19,9,
1769292618.330,user073,1,done,600054.759,19,9,
1769292618.330,user064,1,done,600056.710,19,9,
1769292618.330,user055,1,done,600058.994,19,9,
1769292618.330,user077,1,done,600053.764,19,9,
1769292618.330,user056,1,done,600058.664,19,9,
1769292618.330,user052,1,done,600059.589,19,9,
1769292618.330,user047,1,done,600060.815,19,9,
1769292618.330,user078,1,done,600053.589,19,9,
1769292618.330,user050,1,done,600060.291,19,9,
1769292618.330,user068,1,done,600056.103,19,9,
1769292618.330,user071,1,done,600055.421,19,9,
1769292618.330,user074,1,done,600054.479,19,9,
1769292618.330,user051,1,done,600059.909,19,9,
1769292618.330,user070,1,done,600055.592,19,9,
1769292618.344,user104,1,done,600059.951,19,9,
1769292618.344,user080,1,done,600066.529,19,9,
1769292618.344,user083,1,done,600066.053,19,9,
1769292618.344,user089,1,done,600063.326,19,9,
1769292618.344,user092,1,done,600062.759,19,9,
1769292618.344,user082,1,done,600066.906,19,9,
1769292618.344,user091,1,done,600063.670,19,9,
1769292618.344,user090,1,done,600063.777,19,9,
1769292618.344,user103,1,done,600060.814,19,9,
1769292618.345,user105,1,done,600060.843,19,9,
1769292618.345,user095,1,done,600063.111,19,9,
1769292618.345,user106,1,done,600060.613,19,9,
1769292618.345,user101,1,done,600061.530,19,9,
1769292618.345,user081,1,done,600067.539,19,9,
1769292618.345,user079,1,done,600067.777,19,9,
1769292618.345,user107,1,done,600060.230,19,9,
1769292618.345,user086,1,done,600065.854,19,9,
1769292618.345,user093,1,done,600064.090,19,9,
1769292618.345,user096,1,done,600063.369,19,9,
1769292618.346,user099,1,done,600062.838,19,9,
1769292618.346,user088,1,done,600065.371,19,9,
1769292618.346,user084,1,done,600067.742,19,9,
1769292618.346,user108,1,done,600060.907,19,9,
1769292618.346,user100,1,done,600062.879,19,9,
1769292618.346,user102,1,done,600062.447,19,9,
1769292618.346,user094,1,done,600064.297,19,9,
1769292618.346,user098,1,done,600063.270,19,9,
1769292618.346,user085,1,done,600067.510,19,9,
1769292618.346,user087,1,done,600065.928,19,9,
1769292618.346,user097,1,done,600063.761,19,9,
1769292618.357,user120,1,done,600069.141,19,9,
1769292618.357,user140,1,done,600062.002,19,9,
1769292618.357,user123,1,done,600068.647,19,9,
1769292618.357,user117,1,done,600070.340,19,9,
1769292618.360,user128,1,done,600070.641,19,9,
1769292618.361,user134,1,done,600069.859,19,9,
1769292618.361,user127,1,done,600071.948,19,9,
1769292618.361,user119,1,done,600073.655,19,9,
1769292618.361,user111,1,done,600075.700,19,9,
1769292618.361,user132,1,done,600070.468,19,9,
1769292618.361,user112,1,done,600075.528,19,9,
1769292618.361,user136,1,done,600067.717,19,9,
1769292618.361,user131,1,done,600070.791,19,9,
1769292618.361,user114,1,done,600074.924,19,9,
1769292618.361,user125,1,done,600072.451,19,9,
1769292618.362,user138,1,done,600067.058,19,9,
1769292618.362,user139,1,done,600066.926,19,9,
1769292618.362,user135,1,done,600069.870,19,9,
1769292618.362,user129,1,done,600071.726,19,9,
1769292618.362,user124,1,done,600072.950,19,9,
1769292618.362,user118,1,done,600074.258,19,9,
1769292618.362,user116,1,done,600074.788,19,9,
1769292618.362,user137,1,done,600067.235,19,9,
1769292618.362,user122,1,done,600073.362,19,9,
1769292618.362,user121,1,done,600073.479,19,9,
1769292618.362,user113,1,done,600075.785,19,9,
1769292618.362,user130,1,done,600071.356,19,9,
1769292618.362,user110,1,done,600076.682,19,9,
1769292618.362,user126,1,done,600072.637,19,9,
1769292618.362,user109,1,done,600076.915,19,9,
1769292618.362,user133,1,done,600070.691,19,9,
1769292618.362,user115,1,done,600075.376,19,9,
1769292618.373,user161,1,done,600072.662,19,9,
1769292618.374,user160,1,done,600073.823,19,9,
1769292618.374,user156,1,done,600075.154,19,9,
1769292618.377,user141,1,done,600082.325,19,9,
1769292618.377,user149,1,done,600079.991,19,9,
1769292618.377,user166,1,done,600074.819,19,9,
1769292618.377,user170,1,done,600073.518,19,9,
1769292618.377,user164,1,done,600075.244,19,9,
1769292618.377,user153,1,done,600078.998,19,9,
1769292618.377,user143,1,done,600081.721,19,9,
1769292618.377,user155,1,done,600078.602,19,9,
1769292618.377,user144,1,done,600081.327,19,9,
1769292618.377,user168,1,done,600074.042,19,9,
1769292618.377,user158,1,done,600078.042,19,9,
1769292618.377,user163,1,done,600075.529,19,9,
1769292618.378,user154,1,done,600078.766,19,9,
1769292618.378,user171,1,done,600073.344,19,9,
1769292618.378,user167,1,done,600074.736,19,9,
1769292618.378,user152,1,done,600079.320,19,9,
1769292618.378,user147,1,done,600080.748,19,9,
1769292618.378,user173,1,done,600073.052,19,9,
1769292618.378,user165,1,done,600075.031,19,9,
1769292618.378,user169,1,done,600073.758,19,9,
1769292618.378,user162,1,done,600076.097,19,9,
1769292618.378,user172,1,done,600073.788,19,9,
1769292618.378,user150,1,done,600080.419,19,9,
1769292618.378,user148,1,done,600081.248,19,9,
1769292618.378,user157,1,done,600079.336,19,9,
1769292618.378,user159,1,done,600078.697,19,9,
1769292618.378,user146,1,done,600081.805,19,9,
1769292618.378,user145,1,done,600082.042,19,9,
1769292618.378,user142,1,done,600082.889,19,9,
1769292618.379,user151,1,done,600080.587,19,9,
1769292618.390,user174,1,done,600085.438,19,9,
1769292618.391,user180,1,done,600084.628,19,9,
1769292618.391,user186,1,done,600081.748,19,9,
1769292618.392,user187,1,done,600081.910,19,9,
1769292618.392,user197,1,done,600078.796,19,9,
1769292618.392,user202,1,done,600077.625,19,9,
1769292618.392,user182,1,done,600085.230,19,9,
1769292618.393,user200,1,done,600078.873,19,9,
1769292618.393,user188,1,done,600082.046,19,9,
1769292618.393,user175,1,done,600087.825,19,9,
1769292618.393,user201,1,done,600078.748,19,9,
1769292618.393,user184,1,done,600086.068,19,9,
1769292618.393,user179,1,done,600087.220,19,9,
1769292618.393,user195,1,done,600080.794,19,9,
1769292618.393,user181,1,done,600086.843,19,9,
1769292618.394,user205,1,done,600079.028,19,9,
1769292618.394,user203,1,done,600079.621,19,9,
1769292618.394,user178,1,done,600088.322,19,9,
1769292618.394,user191,1,done,600082.433,19,9,
1769292618.394,user198,1,done,600080.845,19,9,
1769292618.394,user177,1,done,600088.607,19,9,
1769292618.394,user199,1,done,600080.609,19,9,
1769292618.394,user194,1,done,600081.805,19,9,
1769292618.394,user193,1,done,600082.252,19,9,
1769292618.394,user196,1,done,600081.340,19,9,
1769292618.394,user176,1,done,600088.861,19,9,
1769292618.394,user183,1,done,600087.149,19,9,
1769292618.394,user190,1,done,600083.123,19,9,
1769292618.394,user189,1,done,600083.261,19,9,
1769292618.394,user185,1,done,600086.109,19,9,
1769292618.394,user204,1,done,600079.645,19,9,
1769292618.394,user192,1,done,600082.419,19,9,
1769292618.403,user206,1,done,600087.537,19,9,
1769292618.403,user209,1,done,600086.632,19,9,
1769292618.403,user234,1,done,600080.388,19,9,
1769292618.407,user217,1,done,600089.231,19,9,
1769292618.408,user220,1,done,600089.206,19,9,
1769292618.408,user224,1,done,600088.591,19,9,
1769292618.409,user228,1,done,600087.948,19,9,
1769292618.410,user223,1,done,600090.787,19,9,
1769292618.410,user225,1,done,600090.399,19,9,
1769292618.412,user213,1,done,600094.835,19,9,
1769292618.412,user215,1,done,600094.600,19,9,
1769292618.412,user233,1,done,600090.325,19,9,
1769292618.412,user218,1,done,600094.091,19,9,
1769292618.412,user214,1,done,600095.242,19,9,
1769292618.412,user229,1,done,600091.463,19,9,
1769292618.412,user208,1,done,600096.590,19,9,
1769292618.412,user210,1,done,600096.150,19,9,
1769292618.412,user221,1,done,600093.396,19,9,
1769292618.412,user239,1,done,600086.065,19,9,
1769292618.413,user238,1,done,600086.789,19,9,
1769292618.413,user236,1,done,600089.255,19,9,
1769292618.413,user235,1,done,600089.434,19,9,
1769292618.413,user219,1,done,600094.180,19,9,
1769292618.413,user207,1,done,600097.204,19,9,
1769292618.413,user212,1,done,600096.149,19,9,
1769292618.413,user211,1,done,600096.295,19,9,
1769292618.413,user222,1,done,600093.437,19,9,
1769292618.413,user226,1,done,600092.438,19,9,
1769292618.413,user237,1,done,600089.481,19,9,
1769292618.413,user216,1,done,600094.871,19,9,
1769292618.413,user232,1,done,600090.982,19,9,
1769292618.413,user227,1,done,600092.264,19,9,
1769292618.413,user230,1,done,600091.592,19,9,
1769292618.413,user231,1,done,600091.321,19,9,
1769292618.420,user250,1,done,600090.939,19,9,
1769292618.422,user254,1,done,600091.584,19,9,
1769292618.425,user246,1,done,600096.581,19,9,
1769292618.425,user268,1,done,600090.874,19,9,
1769292618.425,user257,1,done,600093.663,19,9,
1769292618.425,user266,1,done,600091.138,19,9,
1769292618.425,user262,1,done,600092.318,19,9,
1769292618.425,user240,1,done,600098.368,19,9,
1769292618.425,user259,1,done,600093.384,19,9,
1769292618.425,user260,1,done,600092.817,19,9,
1769292618.425,user267,1,done,600091.035,19,9,
1769292618.425,user245,1,done,600096.892,19,9,
1769292618.425,user272,1,done,600089.823,19,9,
1769292618.425,user242,1,done,600097.708,19,9,
1769292618.425,user258,1,done,600093.558,19,9,
1769292618.425,user264,1,done,600091.942,19,9,
1769292618.425,user253,1,done,600094.767,19,9,
1769292618.425,user263,1,done,600092.093,19,9,
1769292618.425,user249,1,done,600095.880,19,9,
1769292618.425,user252,1,done,600095.048,19,9,
1769292618.426,user244,1,done,600098.178,19,9,
1769292618.426,user271,1,done,600090.904,19,9,
1769292618.426,user269,1,done,600091.602,19,9,
1769292618.426,user261,1,done,600093.564,19,9,
1769292618.426,user251,1,done,600096.358,19,9,
1769292618.426,user248,1,done,600097.271,19,9,
1769292618.426,user255,1,done,600095.374,19,9,
1769292618.426,user265,1,done,600092.709,19,9,
1769292618.426,user247,1,done,600097.640,19,9,
1769292618.426,user243,1,done,600098.602,19,9,
1769292618.426,user256,1,done,600095.319,19,9,
1769292618.426,user241,1,done,600099.318,19,9,
1769292618.437,user270,1,done,600101.926,19,9,
1769292618.438,user297,1,done,600093.608,19,9,
1769292618.438,user273,1,done,600102.393,19,9,
1769292618.438,user275,1,done,600101.881,19,9,
1769292618.439,user276,1,done,600102.748,19,9,
1769292618.439,user287,1,done,600099.871,19,9,
1769292618.441,user278,1,done,600104.283,19,9,
1769292618.441,user298,1,done,600096.852,19,9,
1769292618.441,user283,1,done,600103.073,19,9,
1769292618.441,user292,1,done,600098.336,19,9,
1769292618.441,user301,1,done,600096.232,19,9,
1769292618.442,user280,1,done,600104.334,19,9,
1769292618.442,user293,1,done,600098.446,19,9,
1769292618.442,user282,1,done,600103.629,19,9,
1769292618.442,user300,1,done,600096.606,19,9,
1769292618.442,user289,1,done,600100.344,19,9,
1769292618.442,user274,1,done,600105.512,19,9,
1769292618.442,user294,1,done,600098.101,19,9,
1769292618.442,user286,1,done,600102.690,19,9,
1769292618.442,user302,1,done,600096.155,19,9,
1769292618.442,user284,1,done,600103.123,19,9,
1769292618.442,user288,1,done,600102.047,19,9,
1769292618.442,user296,1,done,600097.661,19,9,
1769292618.442,user291,1,done,600099.268,19,9,
1769292618.442,user299,1,done,600097.223,19,9,
1769292618.442,user281,1,done,600104.551,19,9,
1769292618.442,user303,1,done,600096.410,19,9,
1769292618.442,user285,1,done,600103.331,19,9,
1769292618.442,user290,1,done,600099.831,19,9,
1769292618.442,user279,1,done,600104.975,19,9,
1769292618.442,user277,1,done,600105.507,19,9,
1769292618.443,user295,1,done,600098.617,19,9,
1769292618.453,user329,1,done,600100.426,19,9,
1769292618.454,user335,1,done,600100.068,19,9,
1769292618.454,user324,1,done,600102.907,19,9,
1769292618.454,user321,1,done,600103.945,19,9,
1769292618.455,user311,1,done,600107.470,19,9,
1769292618.457,user326,1,done,600105.061,19,9,
1769292618.457,user327,1,done,600104.727,19,9,
1769292618.458,user322,1,done,600107.033,19,9,
1769292618.458,user333,1,done,600104.159,19,9,
1769292618.458,user309,1,done,600110.313,19,9,
1769292618.458,user317,1,done,600108.469,19,9,
1769292618.458,user314,1,done,600109.079,19,9,
1769292618.458,user332,1,done,600104.442,19,9,
1769292618.458,user313,1,done,600109.319,19,9,
1769292618.458,user318,1,done,600108.029,19,9,
1769292618.458,user328,1,done,600105.737,19,9,
1769292618.458,user308,1,done,600111.097,19,9,
1769292618.458,user325,1,done,600106.508,19,9,
1769292618.458,user336,1,done,600103.723,19,9,
1769292618.458,user312,1,done,600109.968,19,9,
1769292618.459,user320,1,done,600108.445,19,9,
1769292618.459,user307,1,done,600111.880,19,9,
1769292618.459,user334,1,done,600105.016,19,9,
1769292618.459,user310,1,done,600111.300,19,9,
1769292618.459,user306,1,done,600112.149,19,9,
1769292618.459,user330,1,done,600106.061,19,9,
1769292618.459,user323,1,done,600107.802,19,9,
1769292618.459,user315,1,done,600110.096,19,9,
1769292618.459,user319,1,done,600108.853,19,9,
1769292618.459,user304,1,done,600112.638,19,9,
1769292618.459,user338,1,done,600103.856,19,9,
1769292618.459,user331,1,done,600105.839,19,9,
1769292618.459,user316,1,done,600109.826,19,9,
1769292618.459,user305,1,done,600112.638,19,9,
1769292618.467,user354,1,done,600106.028,19,9,
1769292618.468,user364,1,done,600104.125,19,9,
1769292618.470,user342,1,done,600113.790,19,9,
1769292618.472,user337,1,done,600117.723,19,9,
1769292618.472,user344,1,done,600113.832,19,9,
1769292618.472,user353,1,done,600111.326,19,9,
1769292618.472,user347,1,done,600112.716,19,9,
1769292618.472,user361,1,done,600109.351,19,9,
1769292618.473,user350,1,done,600112.767,19,9,
1769292618.473,user352,1,done,600112.377,19,9,
1769292618.473,user351,1,done,600112.485,19,9,
1769292618.473,user349,1,done,600113.310,19,9,
1769292618.473,user362,1,done,600109.940,19,9,
1769292618.473,user357,1,done,600111.086,19,9,
1769292618.474,user340,1,done,600118.587,19,9,
1769292618.474,user339,1,done,600118.722,19,9,
1769292618.474,user343,1,done,600116.249,19,9,
1769292618.474,user359,1,done,600111.439,19,9,
1769292618.474,user356,1,done,600112.025,19,9,
1769292618.474,user365,1,done,600110.004,19,9,
1769292618.474,user366,1,done,600109.753,19,9,
1769292618.474,user341,1,done,600118.249,19,9,
1769292618.474,user360,1,done,600111.388,19,9,
1769292618.474,user345,1,done,600114.868,19,9,
1769292618.474,user363,1,done,600110.574,19,9,
1769292618.474,user346,1,done,600114.596,19,9,
1769292618.474,user358,1,done,600111.643,19,9,
1769292618.474,user368,1,done,600109.222,19,9,
1769292618.474,user367,1,done,600109.503,19,9,
1769292618.474,user348,1,done,600114.277,19,9,
1769292618.474,user355,1,done,600112.508,19,9,
1769292618.485,user379,1,done,600117.216,19,9,
1769292618.485,user394,1,done,600113.989,19,9,
1769292618.486,user382,1,done,600117.852,19,9,
1769292618.486,user377,1,done,600118.979,19,9,
1769292618.486,user389,1,done,600116.096,19,9,
1769292618.487,user375,1,done,600120.925,19,9,
1769292618.487,user380,1,done,600119.788,19,9,
1769292618.488,user385,1,done,600119.270,19,9,
1769292618.488,user388,1,done,600118.463,19,9,
1769292618.488,user390,1,done,600117.970,19,9,
1769292618.490,user387,1,done,600120.381,19,9,
1769292618.490,user386,1,done,600120.635,19,9,
1769292618.490,user384,1,done,600121.956,19,9,
1769292618.490,user391,1,done,600120.162,19,9,
1769292618.490,user369,1,done,600125.309,19,9,
1769292618.490,user370,1,done,600125.169,19,9,
1769292618.490,user371,1,done,600124.905,19,9,
1769292618.490,user400,1,done,600115.098,19,9,
1769292618.490,user381,1,done,600122.551,19,9,
1769292618.490,user395,1,done,600119.002,19,9,
1769292618.490,user378,1,done,600123.221,19,9,
1769292618.490,user383,1,done,600122.117,19,9,
1769292618.490,user396,1,done,600118.764,19,9,
1769292618.490,user397,1,done,600116.202,19,9,
1769292618.490,user372,1,done,600124.732,19,9,
1769292618.490,user392,1,done,600119.830,19,9,
1769292618.490,user399,1,done,600115.318,19,9,
1769292618.490,user376,1,done,600123.874,19,9,
1769292618.490,user374,1,done,600124.403,19,9,
1769292618.490,user393,1,done,600119.717,19,9,
1769292618.490,user373,1,done,600124.625,19,9,
1769292618.490,user398,1,done,600115.485,19,9,
1769292618.502,user416,1,done,600122.216,19,9,
1769292618.502,user413,1,done,600123.573,19,9,
1769292618.503,user402,1,done,600126.880,19,9,
1769292618.503,user427,1,done,600119.811,19,9,
1769292618.503,user426,1,done,600120.100,19,9,
1769292618.504,user410,1,done,600126.114,19,9,
1769292618.504,user422,1,done,600122.113,19,9,
1769292618.504,user406,1,done,600127.044,19,9,
1769292618.504,user411,1,done,600125.883,19,9,
1769292618.505,user420,1,done,600124.359,19,9,
1769292618.505,user407,1,done,600128.472,19,9,
1769292618.505,user412,1,done,600127.254,19,9,
1769292618.505,user404,1,done,600128.959,19,9,
1769292618.505,user408,1,done,600128.356,19,9,
1769292618.505,user429,1,done,600122.072,19,9,
1769292618.505,user418,1,done,600125.728,19,9,
1769292618.506,user409,1,done,600128.783,19,9,
1769292618.506,user405,1,done,600129.394,19,9,
1769292618.506,user424,1,done,600123.816,19,9,
1769292618.506,user417,1,done,600126.530,19,9,
1769292618.506,user403,1,done,600130.029,19,9,
1769292618.506,user419,1,done,600126.045,19,9,
1769292618.506,user414,1,done,600127.235,19,9,
1769292618.506,user425,1,done,600123.719,19,9,
1769292618.506,user415,1,done,600126.970,19,9,
1769292618.506,user423,1,done,600124.248,19,9,
1769292618.506,user428,1,done,600123.052,19,9,
1769292618.506,user421,1,done,600124.989,19,9,
1769292618.506,user401,1,done,600130.747,19,9,
1769292618.517,user434,1,done,600132.647,19,9,
1769292618.519,user437,1,done,600133.319,19,9,
1769292618.519,user458,1,done,600121.631,19,9,
1769292618.519,user442,1,done,600132.335,19,9,
1769292618.519,user441,1,done,600132.652,19,9,
1769292618.519,user452,1,done,600123.523,19,9,
1769292618.519,user436,1,done,600134.001,19,9,
1769292618.520,user446,1,done,600127.741,19,9,
1769292618.520,user430,1,done,600136.099,19,9,
1769292618.521,user453,1,done,600125.405,19,9,
1769292618.521,user432,1,done,600136.655,19,9,
1769292618.522,user450,1,done,600126.848,19,9,
1769292618.522,user455,1,done,600125.365,19,9,
1769292618.522,user460,1,done,600124.123,19,9,
1769292618.522,user440,1,done,600135.667,19,9,
1769292618.522,user439,1,done,600135.828,19,9,
1769292618.522,user444,1,done,600134.461,19,9,
1769292618.522,user435,1,done,600136.728,19,9,
1769292618.522,user447,1,done,600128.931,19,9,
1769292618.522,user457,1,done,600125.032,19,9,
1769292618.522,user459,1,done,600124.406,19,9,
1769292618.522,user456,1,done,600125.184,19,9,
1769292618.522,user454,1,done,600126.085,19,9,
1769292618.522,user449,1,done,600127.363,19,9,
1769292618.522,user451,1,done,600126.864,19,9,
1769292618.522,user431,1,done,600137.919,19,9,
1769292618.522,user443,1,done,600134.812,19,9,
1769292618.522,user438,1,done,600136.128,19,9,
1769292618.522,user433,1,done,600137.331,19,9,
1769292618.522,user448,1,done,600127.778,19,9,
1769292618.522,user445,1,done,600134.336,19,9,
1769292618.529,user477,1,done,600126.548,19,9,
1769292618.530,user484,1,done,600122.204,19,9,
1769292618.533,user487,1,done,600124.956,19,9,
1769292618.535,user462,1,done,600136.232,19,9,
1769292618.535,user471,1,done,600133.429,19,9,
1769292618.535,user481,1,done,600128.851,19,9,
1769292618.535,user476,1,done,600131.980,19,9,
1769292618.535,user491,1,done,600125.801,19,9,
1769292618.535,user467,1,done,600135.485,19,9,
1769292618.537,user463,1,done,600137.979,19,9,
1769292618.537,user485,1,done,600128.973,19,9,
1769292618.537,user482,1,done,600129.906,19,9,
1769292618.537,user468,1,done,600136.479,19,9,
1769292618.537,user473,1,done,600135.053,19,9,
1769292618.537,user465,1,done,600137.568,19,9,
1769292618.537,user472,1,done,600135.325,19,9,
1769292618.537,user486,1,done,600128.751,19,9,
1769292618.537,user478,1,done,600133.429,19,9,
1769292618.537,user464,1,done,600137.863,19,9,
1769292618.537,user475,1,done,600134.350,19,9,
1769292618.537,user470,1,done,600136.406,19,9,
1769292618.537,user483,1,done,600130.319,19,9,
1769292618.537,user469,1,done,600137.176,19,9,
1769292618.537,user489,1,done,600128.775,19,9,
1769292618.537,user461,1,done,600139.626,19,9,
1769292618.537,user480,1,done,600132.507,19,9,
1769292618.537,user488,1,done,600129.054,19,9,
1769292618.537,user490,1,done,600128.621,19,9,
1769292618.537,user466,1,done,600138.103,19,9,
1769292618.538,user474,1,done,600135.575,19,9,
1769292618.538,user479,1,done,600134.114,19,9,
1769292618.548,user497,1,done,600136.950,19,9,
1769292618.549,user498,1,done,600137.948,19,9,
1769292618.550,user506,1,done,600136.127,19,9,
1769292618.551,user495,1,done,600140.955,19,9,
1769292618.551,user510,1,done,600136.370,19,9,
1769292618.551,user500,1,done,600139.375,19,9,
1769292618.551,user511,1,done,600135.902,19,9,
1769292618.551,user493,1,done,600141.333,19,9,
1769292618.551,user512,1,done,600135.575,19,9,
1769292618.553,user499,1,done,600140.922,19,9,
1769292618.553,user509,1,done,600138.025,19,9,
1769292618.553,user504,1,done,600139.529,19,9,
1769292618.553,user501,1,done,600140.448,19,9,
1769292618.553,user492,1,done,600142.982,19,9,
1769292618.553,user508,1,done,600138.280,19,9,
1769292618.553,user503,1,done,600139.737,19,9,
1769292618.553,user494,1,done,600142.601,19,9,
1769292618.553,user496,1,done,600142.199,19,9,
1769292618.553,user507,1,done,600138.612,19,9,
1769292618.553,user513,1,done,600136.919,19,9,
1769292618.553,user514,1,done,600136.743,19,9,
1769292618.553,user502,1,done,600140.554,19,9,
1769292618.553,user505,1,done,600139.396,19,9,
1769292618.554,user520,1,done,600136.000,19,9,
1769292618.554,user516,1,done,600137.605,19,9,
1769292618.554,user523,1,done,600135.053,19,9,
1769292618.554,user521,1,done,600136.482,19,9,
1769292618.555,user522,1,done,600136.227,19,9,
1769292618.555,user524,1,done,600135.382,19,9,
1769292618.555,user517,1,done,600137.824,19,9,
1769292618.565,user581,1,done,600129.734,19,9,
1769292618.566,user541,1,done,600139.777,19,9,
1769292618.566,user527,1,done,600145.754,19,9,
1769292618.566,user550,1,done,600138.770,19,9,
1769292618.567,user525,1,done,600147.607,19,9,
1769292618.567,user534,1,done,600143.050,19,9,
1769292618.567,user543,1,done,600141.093,19,9,
1769292618.570,user574,1,done,600135.728,19,9,
1769292618.570,user578,1,done,600134.586,19,9,
1769292618.570,user571,1,done,600136.683,19,9,
1769292618.570,user551,1,done,600141.916,19,9,
1769292618.570,user544,1,done,600143.452,19,9,
1769292618.570,user532,1,done,600146.112,19,9,
1769292618.570,user531,1,done,600146.520,19,9,
1769292618.570,user555,1,done,600140.231,19,9,
1769292618.570,user577,1,done,600134.998,19,9,
1769292618.570,user545,1,done,600143.372,19,9,
1769292618.570,user559,1,done,600139.932,19,9,
1769292618.570,user529,1,done,600147.111,19,9,
1769292618.570,user566,1,done,600138.058,19,9,
1769292618.570,user530,1,done,600147.104,19,9,
1769292618.570,user569,1,done,600136.908,19,9,
1769292618.570,user564,1,done,600138.322,19,9,
1769292618.570,user535,1,done,600145.547,19,9,
1769292618.570,user565,1,done,600138.319,19,9,
1769292618.570,user553,1,done,600141.195,19,9,
1769292618.570,user554,1,done,600140.294,19,9,
1769292618.570,user528,1,done,600148.707,19,9,
1769292618.570,user568,1,done,600137.570,19,9,
1769292618.570,user563,1,done,600138.857,19,9,
1769292618.570,user537,1,done,600144.985,19,9,
1769292618.570,user557,1,done,600140.195,19,9,
1769292618.581,user606,1,done,600136.640,19,9,
1769292618.583,user600,1,done,600140.350,19,9,
1769292618.584,user633,1,done,600132.974,19,9,
1769292618.584,user580,1,done,600148.837,19,9,
1769292618.584,user588,1,done,600143.963,19,9,
1769292618.584,user595,1,done,600142.410,19,9,
1769292618.584,user607,1,done,600139.858,19,9,
1769292618.584,user583,1,done,600146.464,19,9,
1769292618.584,user618,1,done,600136.887,19,9,
1769292618.584,user599,1,done,600141.827,19,9,
1769292618.584,user593,1,done,600143.249,19,9,
1769292618.584,user626,1,done,600135.737,19,9,
1769292618.584,user608,1,done,600139.782,19,9,
1769292618.584,user615,1,done,600138.436,19,9,
1769292618.584,user623,1,done,600136.096,19,9,
1769292618.584,user582,1,done,600148.362,19,9,
1769292618.584,user611,1,done,600138.743,19,9,
1769292618.584,user629,1,done,600134.220,19,9,
1769292618.584,user617,1,done,600137.978,19,9,
1769292618.584,user603,1,done,600140.873,19,9,
1769292618.584,user587,1,done,600145.432,19,9,
1769292618.585,user634,1,done,600133.881,19,9,
1769292618.585,user620,1,done,600137.174,19,9,
1769292618.585,user597,1,done,600142.726,19,9,
1769292618.585,user589,1,done,600144.544,19,9,
1769292618.585,user627,1,done,600136.173,19,9,
1769292618.585,user630,1,done,600134.841,19,9,
1769292618.585,user590,1,done,600144.338,19,9,
1769292618.585,user584,1,done,600147.478,19,9,
1769292618.585,user619,1,done,600137.376,19,9,
1769292618.597,user641,1,done,600143.405,19,9,
1769292618.597,user662,1,done,600137.183,19,9,
1769292618.598,user638,1,done,600144.848,19,9,
1769292618.598,user652,1,done,600140.526,19,9,
1769292618.600,user640,1,done,600147.239,19,9,
1769292618.600,user682,1,done,600135.261,19,9,
1769292618.600,user659,1,done,600141.349,19,9,
1769292618.601,user672,1,done,600138.284,19,9,
1769292618.601,user671,1,done,600138.305,19,9,
1769292618.601,user674,1,done,600137.555,19,9,
1769292618.601,user668,1,done,600139.490,19,9,
1769292618.601,user644,1,done,600145.592,19,9,
1769292618.601,user667,1,done,600139.513,19,9,
1769292618.601,user684,1,done,600135.743,19,9,
1769292618.601,user637,1,done,600149.567,19,9,
1769292618.601,user676,1,done,600137.903,19,9,
1769292618.601,user657,1,done,600142.933,19,9,
1769292618.601,user645,1,done,600145.643,19,9,
1769292618.601,user655,1,done,600142.966,19,9,
1769292618.601,user679,1,done,600137.171,19,9,
1769292618.601,user654,1,done,600143.416,19,9,
1769292618.601,user648,1,done,600144.723,19,9,
1769292618.601,user636,1,done,600150.199,19,9,
1769292618.601,user650,1,done,600144.643,19,9,
1769292618.601,user661,1,done,600141.652,19,9,
1769292618.601,user663,1,done,600141.287,19,9,
1769292618.601,user639,1,done,600148.754,19,9,
1769292618.601,user681,1,done,600137.049,19,9,
1769292618.602,user683,1,done,600136.187,19,9,
1769292618.613,user716,1,done,600137.084,19,9,
1769292618.614,user703,1,done,600141.780,19,9,
1769292618.614,user693,1,done,600145.597,19,9,
1769292618.614,user721,1,done,600138.036,19,9,
1769292618.614,user709,1,done,600140.400,19,9,
1769292618.615,user719,1,done,600139.277,19,9,
1769292618.615,user715,1,done,600140.285,19,9,
1769292618.616,user699,1,done,600146.549,19,9,
1769292618.616,user734,1,done,600137.326,19,9,
1769292618.617,user739,1,done,600136.259,19,9,
1769292618.617,user694,1,done,600148.614,19,9,
1769292618.617,user692,1,done,600149.152,19,9,
1769292618.617,user730,1,done,600138.509,19,9,
1769292618.617,user723,1,done,600140.676,19,9,
1769292618.617,user740,1,done,600135.963,19,9,
1769292618.617,user701,1,done,600145.450,19,9,
1769292618.617,user728,1,done,600138.926,19,9,
1769292618.617,user744,1,done,600134.884,19,9,
1769292618.617,user731,1,done,600138.474,19,9,
1769292618.617,user742,1,done,600136.029,19,9,
1769292618.617,user733,1,done,600138.309,19,9,
1769292618.617,user697,1,done,600149.187,19,9,
1769292618.617,user707,1,done,600144.540,19,9,
1769292618.618,user691,1,done,600150.767,19,9,
1769292618.618,user702,1,done,600146.270,19,9,
1769292618.618,user741,1,done,600136.793,19,9,
1769292618.618,user710,1,done,600143.992,19,9,
1769292618.618,user722,1,done,600141.563,19,9,
1769292618.618,user706,1,done,600144.843,19,9,
1769292618.618,user685,1,done,600152.270,19,9,
1769292618.618,user724,1,done,600141.325,19,9,
1769292618.628,user795,1,done,600132.184,19,9,
1769292618.630,user774,1,done,600138.118,19,9,
1769292618.631,user750,1,done,600148.306,19,9,
1769292618.631,user783,1,done,600137.749,19,9,
1769292618.632,user746,1,done,600150.275,19,9,
1769292618.632,user755,1,done,600146.869,19,9,
1769292618.632,user753,1,done,600148.228,19,9,
1769292618.632,user786,1,done,600138.361,19,9,
1769292618.632,user778,1,done,600140.383,19,9,
1769292618.632,user770,1,done,600141.695,19,9,
1769292618.632,user781,1,done,600139.380,19,9,
1769292618.632,user765,1,done,600143.466,19,9,
1769292618.632,user793,1,done,600136.537,19,9,
1769292618.633,user788,1,done,600138.112,19,9,
1769292618.633,user766,1,done,600143.199,19,9,
1769292618.633,user751,1,done,600148.316,19,9,
1769292618.633,user760,1,done,600144.601,19,9,
1769292618.633,user761,1,done,600144.176,19,9,
1769292618.633,user794,1,done,600136.814,19,9,
1769292618.633,user768,1,done,600142.852,19,9,
1769292618.633,user762,1,done,600143.971,19,9,
1769292618.633,user758,1,done,600146.217,19,9,
1769292618.633,user790,1,done,600137.938,19,9,
1769292618.633,user752,1,done,600148.758,19,9,
1769292618.633,user754,1,done,600147.415,19,9,
1769292618.633,user772,1,done,600142.191,19,9,
1769292618.633,user756,1,done,600146.536,19,9,
1769292618.633,user775,1,done,600141.242,19,9,
1769292618.645,user830,1,done,600137.523,19,9,
1769292618.645,user814,1,done,600141.619,19,9,
1769292618.645,user816,1,done,600141.456,19,9,
1769292618.661,user826,1,done,600155.000,19,9,
1769292618.661,user849,1,done,600149.239,19,9,
1769292618.663,user825,1,done,600157.023,19,9,
1769292618.663,user836,1,done,600154.031,19,9,
1769292618.663,user804,1,done,600164.189,19,9,
1769292618.670,user817,1,done,600165.523,19,9,
1769292618.684,user805,1,done,600184.749,19,9,
1769292618.685,user832,1,done,600177.512,19,9,
1769292618.685,user846,1,done,600173.825,19,9,
1769292618.693,user809,1,done,600191.025,19,9,
1769292618.701,user810,1,done,600199.070,19,9,
1769292618.702,user800,1,done,600204.458,19,9,
1769292618.702,user802,1,done,600203.649,19,9,
1769292618.702,user844,1,done,600191.471,19,9,
1769292618.703,user835,1,done,600195.163,19,9,
1769292618.703,user806,1,done,600204.357,19,9,
1769292618.703,user807,1,done,600203.411,19,9,
1769292618.703,user811,1,done,600201.130,19,9,
1769292618.704,user859,1,done,600189.398,19,9,
1769292618.704,user833,1,done,600196.029,19,9,
1769292618.704,user889,1,done,600180.393,19,9,
1769292618.704,user834,1,done,600196.004,19,9,
1769292618.704,user867,1,done,600185.980,19,9,
1769292618.704,user843,1,done,600193.968,19,9,
1769292618.704,user885,1,done,600181.548,19,9,
1769292618.705,user797,1,done,600207.311,19,9,
1769292618.705,user822,1,done,600199.601,19,9,
1769292618.705,user803,1,done,600206.427,19,9,
1769292618.705,user863,1,done,600189.695,19,9,
1769292618.705,user840,1,done,600195.043,19,9,
1769292618.705,user847,1,done,600193.460,19,9,
1769292618.705,user860,1,done,600190.526,19,9,
1769292618.705,user874,1,done,600184.920,19,9,
1769292618.725,user818,1,done,600220.869,19,9,
1769292618.726,user881,1,done,600204.154,19,9,
1769292618.726,user868,1,done,600207.911,19,9,
1769292618.727,user854,1,done,600214.082,19,9,
1769292618.727,user884,1,done,600204.124,19,9,
1769292618.727,user869,1,done,600209.023,19,9,
1769292618.727,user864,1,done,600210.271,19,9,
1769292618.727,user858,1,done,600213.616,19,9,
1769292618.727,user865,1,done,600210.485,19,9,
1769292618.727,user870,1,done,600208.719,19,9,
1769292618.727,user866,1,done,600210.564,19,9,
1769292618.727,user880,1,done,600206.252,19,9,
1769292618.727,user891,1,done,600203.797,19,9,
1769292618.727,user879,1,done,600206.772,19,9,
1769292618.727,user857,1,done,600214.014,19,9,
1769292618.741,user903,1,done,600214.511,19,9,
1769292618.741,user894,1,done,600216.702,19,9,
1769292618.741,user896,1,done,600216.148,19,9,
1769292618.742,user897,1,done,600216.569,19,9,
1769292618.742,user907,1,done,600213.595,19,9,
1769292618.742,user898,1,done,600216.872,19,9,
1769292618.742,user890,1,done,600218.362,19,9,
1769292618.742,user906,1,done,600214.106,19,9,
1769292618.742,user901,1,done,600215.781,19,9,
1769292618.757,user926,1,done,600221.443,19,9,
1769292618.758,user929,1,done,600222.245,19,9,
1769292618.758,user950,1,done,600216.270,19,9,
1769292618.758,user920,1,done,600227.555,19,9,
1769292618.759,user910,1,done,600230.827,19,9,
1769292618.761,user952,1,done,600218.875,19,9,
1769292618.761,user941,1,done,600221.378,19,9,
1769292618.761,user939,1,done,600222.348,19,9,
1769292618.761,user934,1,done,600223.645,19,9,
1769292618.761,user924,1,done,600228.258,19,9,
1769292618.761,user959,1,done,600216.889,19,9,
1769292618.761,user947,1,done,600220.361,19,9,
1769292618.761,user922,1,done,600228.821,19,9,
1769292618.761,user915,1,done,600231.397,19,9,
1769292618.761,user933,1,done,600223.967,19,9,
1769292618.761,user940,1,done,600222.442,19,9,
1769292618.761,user961,1,done,600217.049,19,9,
1769292618.761,user957,1,done,600217.501,19,9,
1769292618.761,user919,1,done,600230.513,19,9,
1769292618.761,user937,1,done,600223.057,19,9,
1769292618.761,user942,1,done,600221.708,19,9,
1769292618.761,user956,1,done,600217.530,19,9,
1769292618.761,user916,1,done,600231.287,19,9,
1769292618.761,user917,1,done,600230.915,19,9,
1769292618.761,user925,1,done,600226.616,19,9,
1769292618.761,user918,1,done,600230.554,19,9,
1769292618.761,user923,1,done,600229.016,19,9,
1769292618.762,user930,1,done,600225.657,19,9,
1769292618.762,user954,1,done,600219.160,19,9,
1769292618.762,user946,1,done,600221.508,19,9,
1769292618.762,user908,1,done,600233.634,19,9,
1769292618.762,user912,1,done,600232.350,19,9,
1769292618.772,user966,1,done,600225.922,19,9,
1769292618.773,user975,1,done,600222.459,19,9,
1769292618.773,user968,1,done,600226.856,19,9,
1769292618.773,user993,1,done,600218.041,19,9,
1769292618.775,user973,1,done,600224.891,19,9,
1769292618.775,user964,1,done,600229.419,19,9,
1769292618.775,user974,1,done,600224.058,19,9,
1769292618.776,user984,1,done,600222.776,19,9,
1769292618.776,user981,1,done,600223.246,19,9,
1769292618.776,user999,1,done,600219.180,19,9,
1769292618.776,user972,1,done,600228.697,19,9,
1769292618.776,user963,1,done,600231.537,19,9,
1769292618.776,user998,1,done,600219.507,19,9,
1769292618.776,user997,1,done,600219.732,19,9,
1769292618.776,user987,1,done,600222.034,19,9,
1769292618.776,user969,1,done,600229.109,19,9,
1769292618.776,user992,1,done,600220.727,19,9,
1769292618.776,user985,1,done,600223.107,19,9,
1769292618.776,user991,1,done,600221.348,19,9,
1769292618.776,user970,1,done,600229.149,19,9,
1769292618.776,user979,1,done,600224.493,19,9,
1769292618.776,user977,1,done,600224.831,19,9,
1769292618.776,user994,1,done,600220.347,19,9,
1769292618.776,user986,1,done,600222.761,19,9,
1769292618.776,user965,1,done,600230.566,19,9,
